name,email,savedcard
-,-,pwned{v3ry-secur3-cardh0ld3r-data-environm3nt}
Nolan Stanton,nolanstanton@outlook.com,5352 8841 6967 2533
Adrienne Clark,adrienneclark1121@outlook.com,5456 8428 8247 1455
Amaya Richmond,amayarichmond@apiwizards.com,5338 6565 4623 7944
Camille Gilbert,camillegilbert@gmail.com,5318 8381 6714 8386
Melvin Richards,melvinrichards6579@apiwizards.com,5145 8258 4368 8553
Aquila Chavez,aquilachavez22@apiwizards.com,5462 9878 9566 4232
Alexandra Holman,alexandraholman@gmail.com,5359 1249 7733 9980
Cleo Harrell,cleoharrell1957@outlook.com,5288 6661 3421 3264
Evangeline Hines,evangelinehines@apiwizards.com,5194 8673 5314 3595
Deirdre Rivas,deirdrerivas@apiwizards.com,5322 4623 2783 8242
Zenia White,zeniawhite@apiwizards.com,5294 6837 5227 4132
Damon Navarro,damonnavarro@outlook.com,5345 1425 3392 7350
Willa Holloway,willaholloway2911@outlook.com,5274 1921 8446 1956
Dexter Horn,dexterhorn@gmail.com,5265 5282 5722 4667
Olympia Kline,olympiakline@gmail.com,5132 8544 6765 7285
Keelie Graves,keeliegraves2259@outlook.com,5334 5647 2811 8581
Meghan Clements,meghanclements4130@outlook.com,5331 2937 9368 8277
Armando Heath,armandoheath@outlook.com,5348 5842 7733 1140
Lucas Jacobson,lucasjacobson8372@apiwizards.com,5356 3721 6831 1283
Farrah Livingston,farrahlivingston5694@apiwizards.com,5194 3847 8982 6850
Ivan Sears,ivansears@gmail.com,5591 5358 8345 2146
Ashely Tyson,ashelytyson@gmail.com,5381 8541 1979 8337
Britanney Berger,britanneyberger9888@gmail.com,5275 8335 2378 5725
Alma Hendricks,almahendricks6661@apiwizards.com,5165 3267 9331 7884
Vance Murray,vancemurray@outlook.com,5555 8256 9695 2794
Joshua Frazier,joshuafrazier99@outlook.com,5329 3232 3552 3446
Georgia Douglas,georgiadouglas9887@outlook.com,5537 6686 8469 3845
Ursa Murphy,ursamurphy@apiwizards.com,5175 4994 4781 7746
Elliott Evans,elliottevans6046@apiwizards.com,5332 1746 6943 3718
Kitra Bryan,kitrabryan@gmail.com,5149 1678 7627 3151
Kieran Hancock,kieranhancock@apiwizards.com,5547 8162 3915 5897
Cyrus Herrera,cyrusherrera2729@apiwizards.com,5459 7978 7935 2661
Kaseem Page,kaseempage1298@outlook.com,5227 4643 7178 9541
Elaine Fitzpatrick,elainefitzpatrick4200@apiwizards.com,5358 4242 8521 8384
Knox Burch,knoxburch@apiwizards.com,5175 3878 6127 4496
Shea Guerrero,sheaguerrero@outlook.com,5222 6526 6697 6287
Adara Chaney,adarachaney1541@gmail.com,5484 2262 7919 1726
Meredith Huff,meredithhuff8408@outlook.com,5351 3192 8482 9859
Alec Miranda,alecmiranda@apiwizards.com,5532 3355 7545 1742
Donovan Mckay,donovanmckay7264@apiwizards.com,5118 3484 8638 7477
Shelby Cross,shelbycross@outlook.com,5467 2772 7345 9875
Irene Wall,irenewall@outlook.com,5567 9833 9529 6926
Wilma Clarke,wilmaclarke@gmail.com,5172 4619 2743 6226
Colin Whitehead,colinwhitehead4231@outlook.com,5127 6444 3733 5626
Norman Summers,normansummers5063@apiwizards.com,5386 1595 4641 3566
Tarik Parker,tarikparker6813@apiwizards.com,5582 5959 2776 1812
Honorato Berry,honoratoberry4936@apiwizards.com,5329 5374 2334 6886
Jackson Forbes,jacksonforbes@apiwizards.com,5277 2257 4483 9415
Tate Townsend,tatetownsend4835@outlook.com,5334 4566 8673 6365
Alexa Henson,alexahenson6581@gmail.com,5161 7437 8494 2898
Cairo Butler,cairobutler4379@apiwizards.com,5387 6439 1227 4347
Russell French,russellfrench9143@apiwizards.com,5276 6453 5128 6645
Holly Rivas,hollyrivas2602@apiwizards.com,5484 2175 6618 1132
Colby Stewart,colbystewart@outlook.com,5226 8769 7556 4551
Kenyon Wooten,kenyonwooten@gmail.com,5564 7235 8844 3221
Reuben Valenzuela,reubenvalenzuela@gmail.com,5336 5667 7277 4126
Aretha Watts,arethawatts1103@outlook.com,5171 7827 2564 7669
Chase Mack,chasemack6827@gmail.com,5245 3248 1258 4463
Ivana Sims,ivanasims4826@outlook.com,5134 7867 8876 7252
Adrienne Howard,adriennehoward@outlook.com,5458 4618 4865 7475
Zia Cherry,ziacherry@gmail.com,5123 4878 7658 3981
Merrill Washington,merrillwashington@outlook.com,5584 5332 8942 8868
Hammett Conrad,hammettconrad5296@gmail.com,5353 6281 5862 6565
Lois Mccarthy,loismccarthy@gmail.com,5289 3977 6922 3878
Lacey Farrell,laceyfarrell@outlook.com,5256 8377 5533 4634
Venus Aguilar,venusaguilar928@apiwizards.com,5282 2144 1389 3435
Doris Cherry,dorischerry649@apiwizards.com,5313 1496 5476 4551
Reece Mcleod,reecemcleod9868@outlook.com,5135 4182 8587 8882
Ruby Juarez,rubyjuarez@apiwizards.com,5443 3872 3628 3459
Britanney Rich,britanneyrich@apiwizards.com,5463 1778 6768 6889
Ali Black,aliblack6893@outlook.com,5412 4833 7812 6387
April Jackson,apriljackson614@gmail.com,5375 3639 6324 5427
Shelly Dejesus,shellydejesus9206@apiwizards.com,5345 7524 3752 8953
Kiona Oneal,kionaoneal@outlook.com,5358 7757 4438 3378
Meredith Conner,meredithconner@apiwizards.com,5481 3457 7447 8561
Jaden Bender,jadenbender6732@gmail.com,5285 5665 1738 3234
Colorado Chase,coloradochase4164@apiwizards.com,5418 2874 5883 4412
Victor Mclaughlin,victormclaughlin1699@apiwizards.com,5384 6731 2574 9846
Shafira Paul,shafirapaul@outlook.com,5385 9976 7533 2284
Vivien Case,viviencase@apiwizards.com,5193 9596 8535 3835
Sasha Leonard,sashaleonard667@gmail.com,5552 4842 3243 7515
Chanda Lott,chandalott9358@gmail.com,5236 6685 6759 2514
Myra Hogan,myrahogan@gmail.com,5434 9853 4459 5879
Nissim Knight,nissimknight8664@outlook.com,5148 2217 5338 3210
Teegan Rich,teeganrich@gmail.com,5487 5857 1665 7640
Aphrodite Santos,aphroditesantos@apiwizards.com,5468 3736 2458 5622
Jamal Bryant,jamalbryant@outlook.com,5489 8887 4313 9634
Ruby Bond,rubybond@gmail.com,5543 8652 6779 4972
Meghan Patel,meghanpatel6087@apiwizards.com,5325 8893 5432 3325
Zachery Sparks,zacherysparks2644@gmail.com,5184 6925 1345 5388
Echo Mays,echomays7360@gmail.com,5256 5428 4164 8571
Carol Craft,carolcraft@outlook.com,5471 2422 6583 2673
Wilma Aguirre,wilmaaguirre@gmail.com,5357 8516 5778 8548
Abel Duke,abelduke7497@apiwizards.com,5138 8667 4536 8687
Matthew Villarreal,matthewvillarreal@outlook.com,5331 1164 3314 6747
Nathaniel Eaton,nathanieleaton@apiwizards.com,5183 1565 9759 8464
Upton Manning,uptonmanning1724@outlook.com,5396 6467 8784 7625
Oliver Hayes,oliverhayes@apiwizards.com,5378 4267 8934 8886
Xenos Petty,xenospetty5516@outlook.com,5482 1522 4841 2138

